-8,529999
-32,419983
-29,307007
14,230988
-9,263977
3,052002
33,698975
-12,54602
-11,582001
-7,003998
-4,036011
-22,290008
-1,460999
10,855987
-3,812012
-8,916016
-15,669007
-31,026001
-8,405975
9,690002
5,602997
16,824005
12,278015
-3,125
0,937011
15,943023
12,493011
9,178009
-6,181977
-11,962005
1,001984
7,465973
-1,708008
-6,385987
4,054016
-2,960021
-24,545014
-0,246002
-11,339996
7,21701
-1,787994
4,403015
-21,497986
9,595978
-6,687989
-12,901001
-0,183014
1,984986
3,330993
8,802978
9,832001
-7,402984
3,334015
17,888001
4,658996
1,838012
55,57602
-6,538025
-20,598999
-23,516998
13,151978
-0,941009
-12,587006
6,658997
-22,467011
-7,031006
1,316009
14,39801
9,953003
-1,537994
-7,649017
-0,832001
7,072998
-0,661011
2,536987
0,996002
2,065002
-6,711975
-6,113983
7,412018
-1,971985
0,259002
-13,055999
-9,675995
-5,839997
6,166016
1,708984
-5,005005
4,904999
-6,015991
-18,610992
-7,07901
-8,389008
6,664001
12,337006
-8,700012
10,817993
2,554993
-11,851013
-3,278015
8,772003
-11,720001
1,07901
-5,030976
-1,981994
9,278992
-6,186005
0,953003
-33,764007
-16,950989
9,389984
11,578003
8,26001
-10,786011
8,024994
-12,507019
-8,947998
1,649994
-41,53302
-45,791
32,946991
-0,973007
-8,574005
10,289002
3,389999
-1,591996
15,518997
6,084
-0,638
15,147003
6,365997
19,393997
-9,691986
-29,43602
0,164993
-6,347
-8,976989
10,104996
11,738007
-10,18599
-0,658005
-10,554001
5,343002
5,121002
-4,28099
-3,279007
-0,442993
-0,546997
2,556015
13,458008
21,793014
-22,681992
-0,981995
10,188004
-7,453995
3,873001
3,528
0,781998
-8,567001
2,897003
-0,263
-1,419998
-0,911011
17,391998
0,742996
5,918991
15,313018
6,656006
-8,89798
3,438995
-2,877014
3,96698
-2,07901
14,794983
1,89801
4,854004
-1,77301
-8,781005
-2,556976
4,968017
4,907989
-5,089996
-28,767975
5,048004
0,792999
-1,619018
8,042999
-1,154999
-20,981995
-1,274994
2,255997
-1,536987
5,822998
-10,027008
4,647003
-3,229996
3,048996
5,916
1,248001
-0,593994
6,83699
-5,229004
-2,094009
-8,041992
-1,075012
-7,621994
0,535996
-0,382004
-11,362991
-5,600006
4,759995
4,655991
-5,692993
0,503006
-0,855988
2,014007
10,649002
-1,42601
2,409012
-4,701996
-4,845002
-6,980011
9,856994
-3,113998
0,216996
10,452011
-3,86
2,58899
5,477997
-1,337998
-2,731003
-6,466995
7,671997
6,659012
-1,936996
-1,432999
1,859009
-1,033004
-5,020996
0,714996
0,649994
-1,490997
0,792007
-3,758987
-1,089997
2,128006
1,327988
5,027008
-1,414001
1,977005
-3,817001
0,011993
0,218003
0,151001
-0,281006
-3,746994
-2,944993
-7,307007
2,908997
0,138001
-1,447998
0,797989
0,613998
-2,714996
5,61
0,51001
-0,192001
0,850006
0,276993
2,481995
1,100998
3,401001
14,130005
-1,539001
-0,42099
-4,436996
0,682007
-1,156006
3,021011
-2,630997
-3,766999
2,433991
0,98999
7,441009
-1,944
8,343002
6,03598
-4,723999
-3,139999
0,876999
4,394989
11,108001
-2,078003
-3,756012
4,803009
-1,598999
15,738006
8,234985
17,726989
-18,77301
-4,570008
-2,216003
-7,953003
1,380982
-4,429993
-1,152984
5,481995
-3,048981
1,564972
-1,291992
12,27301
0,53299
4,04599
0,984985
0,794006
-4,894013
-1,381012
-3,04602
-3,084992
2,165009
-1,57901
3,992981
-2,964996
-3,32901
0,843994
-18,744995
3,967011
-1,007996
6,043976
-4,221985
-2,103027
1,548004
-3,977997
-3,359008
-0,513977
-46,847
1,013001
8,451004
-2,785996
-2,272004
-2,207001
-17,617005
11,541001
3,75499
-1,281006
6,694992
-1,768997
-1,134002
0,942002
-2,134995
1,257004
-2,141006
3,083008
4,819992
4,970001
-0,087006
3,761002
-5,246994
0,141006
1,778
-4,625992
-4,730011
0,035003
-0,188003
-1,158997
0,733994
-0,54599
-1,365006
-0,186996
-4,131988
3,649002
-0,653
4,171005
0,781997
-0,736008
-1,382004
6,305999
-2,32901
-0,580001
1,544998
0,028991
1,528
-0,272003
2,235993
5,699006
-3,201004
-0,770996
1,432999
1,200989
2,307999
-1,567001
4,307999
2,496002
2,213012
8,572983
7,893006
-9,264008
1,57602
5,891022
-3,033997
7,527008
2,847015
5,149994
2,234986
1,671997
8,606994
10,915008
9,531006
14,072022
-14,346008
10,425995
35,247009
41,544006
7,898987
-21,722992
-13,576996
12,212983
-10,910004
5,932984
-43,165009
-28,735992
24,072998
-1,744995
-3,717987
-12,88501
11,016022
4,731994
-0,002991
-8,529999
-4,389008
4,834992
-2,438995
-1,304016
-2,968018
8,160981
24,380981
6,181
0,240021
13,822021
5,884002
-14,925994
-2,657989
1,714996
1,921021
25,227997
-0,772003
5,558014
19,80899
3,121978
-2,509003
36,656982
-17,337982
2,095001
10,910004
21,443023
-10,274018
1,300995
7,769012
-1,230011
-19,549011
-4,199005
-0,864014
5,681
11,893982
0,798004
-38,482025
6,30899
-1,063995
10,88501
-6,679993
4,691986
3,613007
-1,184021
-3,567017
3,029998
-1,109009
-2,750977
28,037018
-4,307983
-5,772004
-0,24701
-0,269989
-12,492005
-2,294007
-1,981994
-65,924011
22,463013
-4,852997
5,434997
-6,877014
40,490021
-9,369996
-27,259003
5,057007
14,869018
-10,590973
0,151001
2,527985
-14,856995
-0,634003
-0,609985
-9,526001
3,705994
1,527985
-4,696991
19,419983
-2,348999
-10,066986
0,105987
-3,309998
2,605988
5,502991
-2,460022
4,576995
7,218994
14,298004
-7,382995
6,056
8,665985
5,800995
-1,945007
15,562988
1,024994
-1,241028
-17,519013
3,998993
-0,492981
7,52301
-0,319977
0,932984
4,259003
-2,794006
-11,141998
-2,260986
-10,897004
-10,210999
7,182007
6,564025
-0,493011
0,965973
2,387024
4,451995
-9,981018
2,416992
2,236999
0,441987
0,122986
2,731994
-10,998993
1,178985
3,354004
-0,110992
4,957
-0,120026
-2,029999
0,669006
0,580017
8,625
-2,317016
-7,787995
-2,018005
1,472015
1,199981
2,450989
-0,269012
0,144989
3,013001
-0,871003
-0,875
-2,558014
-1,399994
1,971985
0,610993
2,347015
-1,89798
0,347015
5,286011
0,996979
-3,236999
0,980011
6,806
6,065003
8,009003
-3,950988
4,421021
7,994995
2,304993
4,440979
-21,574981
3,972992
5,688995
-6,860016
3,390991
-7,264008
5,576996
-3,461029
1,265014
11,661011
-1,102997
0,119018
2,277008
-9,623016
1,863983
2,319
0,820007
-0,152008
1,80899
-3,423005
-0,226013
0,927978
-15,808991
4,882996
0,221985
-3,894989
4,807007
1,690003
3,536987
3,712006
19,942993
57,010986
-1,244019
5,393006
-2,804993
5,812988
1,45697
31,511963
3,021973
1,669007
10,934997
-8,848022
4,478028
-7,572998
1,632996
28,052979
63,099976
32,721985
-18,945007
8,783996
69,784973
-19,578003
7,471009
7,093018
-26,700989
-69,231018
-69,79895
26,533997
39,723999
-0,15802
-36,564026
25,926025
-11,101013
-4,231994
32,745972
3,781006
26,968017
-46,304017
24,857971
-12,58197
6,912964
-37,528015
25,835022
-15,42395
-1,239014
-0,825012
16,268005
-10,328979
5,155029
4,083984
-3,013977
17,466003
-6,703003
0,126038
-7,121032
-0,216003
-14,302978
4,830017
5,875
-7,166015
-2,442016
2,724976
0,542969
1,880981
-1,965027
-30,418946
-18,330017
-58,931946
17,698974
11,960022
-3,237976
12,747986
4,919006
-1,682007
-3,237
4,455017
-3,004028
-1,238953
-1,768982
-15,115967
-3,254029
10,196045
-4,544983
0,611023
1,291016
5,613037
-0,631043
5,442017
-3,356018
-3,22998
-2,419007
1,89801
-9,505005
4,08197
0,036011
3,388977
-2,119018
-3,243042
3,127014
22,656982
10,043945
-2,399963
3,929993
3,971008
11,680969
-3,490967
0,58197
-16,705017
1,237976
1,216004
1,843018
-3,432984
-0,27295
-1,234009
3,591003
-0,643982
-0,942016
-6,439026
-0,981018
6,643005
-0,335999
-1,923034
7,236023
-1,855957
-1,514954
0,674011
4,019958
4,053955
-3,055969
1,164978
-1,848023
2,292968
0,551025
4,513001
1,766968
-2,419983
2,171998
21,834045
-4,678955
0,755982
3,369995
-1,664978
2,547973
-2,625
-1,450989
-7,613952
0,19397
2,002991
24,15802
-0,549988
-3,400025
3,585999
20,626037
10,098999
1,651001
24,190003
-12,253967
-1,66803
28,456055
10,763
-53,645996
14,110962
-0,106994
7,709961
-7,605042
6,759033
13,447998
-7,309997
0,856018
-11,697998
-3,164978
3,023987
5,825013
33,031006
-3,898987
10,880005
-0,21698
-20,853027
7,982971
11,70398
-7,147034
-4,330994
1,20697
-6,128967
-3,402039
3,328979
-0,724975
9,406982
10,727966
20,398987
-7,092957
2,234009
-14,69397
5,504028
3,92102
2,734009
2,850036
1,627014
-5,020996
10,046997
-0,090943
1,476013
-1,981994
5,943969
5,662963
-0,477967
2,021972
8,628968
33,637024
30,359985
57,096009
-23,357972
-3,468995
10,704956
24,843994
41,090027
-1,627991
-11,296997
3,115967
34,666992
23,132996
22,23999
110,329956
-143,349975
-112,039001
5,098022
3,023987
-10,416016
5,239014
-130,357971
29,656005
20,247009
-6,730042
3,655945
9,750977
76,992004
-22,755005
10,737976
-3,145996
26,23999
2,467957
-4,486999
-17,98999
9,617981
15,190979
1,390991
1,779053
-2,571045
0,231018
49,444031
18,082031
21,799011
18,450012
11,570068
-16,180054
9,75
21,209961
0,75
-70,316955
-6,958008
15,552002
-4,33899
-8,242981
12,815003
1,269958
19,789917
20,089966
5,210083
-6,890015
31,290039
36,02002
2,639892
49,449951
0,970093
-26,570068
20,929931
16,189942
-0,75
42,459961
26,329956
24,280029
-22,28003
12,829956
5,359985
-49,669922
-73,22998
38,140014
-72,640014
59,51001
44,76001
10,140015
7,839966
9,449951
-63,519897
-79,930054
-125,871948
60,01001
16,98999
65,180054
-71,510009
-11,460083
-100,929931
36,239014
-7,290039
73,715027
2,570068
-6,109985
-15,779907
45,150024
8,790039
21,560059
40,860108
-12,27002
-9,359986
56,869995
-2,039917
3,299927
11,300049
-0,170044
17,550049
-4,440064
-31,739991
-2,789917
5,219971
10,329956
10,660034
17,900024
-1,839966
18
-7,369995
9
-24,710083
40,520019
15,040039
15,089966
35,849975
-1,26001
3,950073
26,02002
73,299927
31,789917
36,309937
46,950073
14,579956
21,98999
17,23999
126,429932
31,46997
30,609985
68,199951
-121,52002
81,790039
8,050049
-70,009887
-7,25
112,359986
69,950073
90,339966
100,48999
-25,830078
130,209961
128,859863
122,269776
-141,26001
-118,469971
-157,400025
101,719971
96,180175
-79,890136
99,219971
119,549805
84,52002
21,630127
-35,97998
174,410157
172,359863
-137,219971
85,130127
16,370118
119,570068
15,700195
-293,590088
36,110108
-210,509766
-35
48,989991
141,869873
-107,060059
40,570069
130,530029
-20,329834
14,379883
37,569824
-129,800049
-17,840088
-112,120117
74
21,76001
-28,239991
-58,399902
-58,050049
70,070069
65,5
40,639893
-0,880127
0,459961
-89,930176
51,070068
-54,170166
-152,689941
-48,099854
66,070068
-44,800049
-127,25
-231,260132
-62,160034
295,789917
85,359863
-49,650146
547,710205
-170,649902
141,490234
-77,700196
22,160156
-181,02002
-48,320069
133,070068
129,28003
-80,570069
32,790039
112,100098
-153,040039
-16,459961
95,169921
88,959961
355,280029
-43,670166
166,159912
49,71997
-77,929931
39,439941
276,800049
234,080078
193,219971
259,029785
-145,060058
176,290039
-52,75
-163,719727
55,950195
-101,650147
-88,73999
102,169922
62,51001
197,080078
38,780274
-19,660157
37,779785
-1,790039
189,810059
-5,060058
147,800293
190,25
-322,649902
-2,310059
-355,319824
148,239746
220,530273
10,739746
-376,410156
-3,75
-106,399903
38,799805
-38,069824
-249,389892
-720,420166
471,219971
-12,709961
-23,400146
474,109863
-148,820068
-10,410156
-270,429932
2,679931
162,47998
-113,309814
244,48999
-36,059814
307,729981
-22,399903
-8,550293
172,600098
62,690429
13,509765
-90,979981
-90,010254
98,530273
46,350098
57,540039
180,810058
157,5
5,780273
37,22998
617,330078
183,049805
188,260254
-157,77002
38,02002
-136,070312
-13,129883
124,779786
303,340332
34,810059
-28,240234
-75,680176
-408,879883
226,199707
156,879883
-118,840332
-34,72998
399,410157
15,679687
336,379882
326,339844
300,72998
120,229981
215,470215
2,890136
-380,460449
121,279785
318,310058
-303,25
-555,589843
-261,009765
-345,380371
621,240234
74,27002
680,780273
548,449707
-144,57959
92,939941
270,460449
161,569824
-134,480468
175,59961
-193,609863
179,67041
549,209961
541,509766
465,629882
235,370117
-188,790039
326,80957
777
96,299804
240,5
341,799804
231
2368,099609
3633,59961
-1233,5
-1345,100586
287
1509,40039
495,59961
-1091,800781
179,400391
1105,59961
1737,09961
-335
7,798828
-1341,601562
-1135,701172
-839,5
-2066,200195
750,5
-682,40039
30,699218
2063,200196
-325
-1257,599609
-39,59961
-1729,700196
1258,700196
-455
1357,099609
222,799805
328,5
1952,299805
64,900391
-1049,701172
-1306,09961
-528,299804
384,799805
-1562,40039
526,699218
407,799804
-598,799805
52,5
-2345,599609
-242,5
276,100586
177,600586
1243
-1289,100586
-701,699218
-76,099609
456
-162,299804
-84,599609
265,799804
311
-459,099609
-1200,5
112,899414
-1066,759766
-311,530273
322,790039
-898,690429
-1315,270019
702,25
-134,190429
627,729981
465,140625
-98,179687
-486,159668
785,140137
-328,410157
894,709961
678,080078
98,200196
905,200195
-571,600586
672,700196
171,90039
-681,799804
-655,400391
364,029296
-474,629882
-131,689453
697,270507
331,699218
-289,299804
566
109
387,799804
15,199218
40,899414
-720,199218
-838,330078
-556,430664
-77,140625
-484,589844
725,84961
-397,809571
21,80957
-944,840821
10,100586
15,439453
-405,030273
333,159668
286,530274
293,799805
-8,200196
-210,970703
143,370117
-233,830078
-117,029297
-289,069336
-366,959961
117,649902
-813,369629
-280,930175
81,049805
-158,830079
238,939942
353,850097
-602,570312
-37,179687
-179,640137
280,580078
103,54004
-273,589844
39,319825
124,849609
933,870117
-5,129883
111,570312
329,780274
-278,900391
-169,570312
218,989746
135,03955
558,950195
46,790039
-122,599609
136,490235
763,160156
-855,290039
414,189453
-303,580078
409,210938
72,669922
-185,560547
-132,459961
131,320313
509,890625
5,259766
157,870118
-190,509765
-272,660156
-146,049804
101,449219
-282,019531
-611,469727
63,449218
208,450196
3,69043
-194,810547
-135,580078
-275,729981
159,139649
-8,550781
266,259766
-103,339844
-378,090332
-479,260254
26,219727
-112,159668
-130,600097
6,140137
-235,319825
343,129883
-63,20996
88,02002
40,75
106,72998
88,160156
-208,05957
132,859864
28,009765
27,42041
-60,220215
-100,54004
-713,529785
107,629883
-323,459961
-246,979981
332,600098
-217,5
94,709961
-46,259765
224,75
27,549804
5,790039
-50,34961
-654,189942
72,379882
8,950195
77,209961
-159,879883
72,729981
-249,720215
320,169922
189,779785
-25,860352
233,800293
-67,070312
46,679688
39,430176
34,810059
188,220215
-83,919922
-33,330078
-409,259766
63,939941
-167,969726
3,02002
28,620117
86,939942
384,740234
581,390137
55,459961
88,659668
-113,270019
66,569824
0,690429
296,399902
707,759765
-198,270019
-225,27002
214,609864
23,090332
12,639648
-41,100098
-400,760254
-144,129883
-67,040039
-127,75
-405,819824
37,399902
-111,140136
-205,199707
-441,050293
262,669921
-386,709961
109,939941
39,040039
-43,790039
-87,950195
87,100098
40,5
239,719727
-159,67041
83,5
-191,979981
187,689942
-109,540039
163,540039
168,439941
43,239746
-47,380371
173,840332
205,199707
-44,549805
-65,529786
63,609863
148,439941
83,140137
-18,969726
98,660156
-568,629883
-225,970215
-61,850098
-234,189942
77,47998
28,130371
-10,679688
34,790039
163,069825
-2,700195
33,800293
-19,5
-232,859864
90,389649
26,689941
120,819824
221,080078
-13,069825
-4,689941
-109,359864
-157,169922
42,209961
181,459961
-34,620117
-41,140137
20,850098
-30,229981
-37,140136
-51,270019
78,779785
48,330078
-34,140136
12,270019
52,040039
-10,439941
-54,760254
-330,5
35,330078
7,910156
2,439942
303,899902
-5,300293
-46,089844
-65,620117
-12,659668
28,270019
-7,739746
1,110351
3,380371
16,949707
-8,359863
6,310059
-0,459961
3,729981
-159,720215
-2,770019
-19,380371
59,639648
9,520019
-25,980468
10,659668
56,040039
27,629883
61,640137
-68,549805
-56,979981
23,090332
-2,359863
-40,489746
-13,699707
-612,890136
-88,120117
-69,770019
-24,25
63,799805
-749,289551
-412,060059
136,629883
-245,629883
-13,590332
-466,929931
129,189942
-235,940185
54,77002
434,949951
9,842285
-271,820312
190,20752
-60,855468
-253,192871
70,598877
-204,899902
-232,972656
-92,653076
54,204346
141,006836
-109,390381
-72,966553
65,491943
-174,202149
-69,26709
-7,23584
16,564453
292,741699
151,297607
39,125733
392,246338
-237,159912
116,098877
-22,014404
78,267334
-265,539795
37,630859
-199,854981
270,786865
-112,083008
43,567871
-124,138672
96,806641
94,193115
-94,307373
25,67749
-6,779297
240,113525
-53,33667
2,375732
3,744385
-355,486816
13,350098
-25,67212
-105,915039
148,741211
-73,541016
23,49707
26,692871
-20,151124
76,190429
-124,432373
-24,340332
29,495849
-20,434082
16,365235
-7,624512
2,745117
-20,721436
-113,832764
-20,753174
42,284668
-27,616455
27,398194
36,434814
-52,12622
-8,057617
11,406494
-55,323975
-15,457763
265,403808
-0,382325
16,986816
-47,182373
10,776611
-21,533447
-14,289307
3,442383
14,517334
40,476807
244,344482
35,432861
53,135498
-46,138672
53,120117
143,610595
-335,030518
75,693848
-24,339356
-6,432373
6,523437
5,82666
9,096924
-15,090332
-83,534424
136,54248
6,861572
8,099609
-12,094238
68,761231
-14,574462
-48,512939
5,397949
-6,330078
18,792237
34,247803
84,825684
-22,490478
2,538818
38,498291
16,682373
-54,626953
-4,546386
13,113037
-12,995361
-61,042236
15,852051
102,821289
-18,477295
30,074707
14,523926
-0,051758
52,8208
722,958496
93,063965
-48,508789
113,875
23,024414
136,103028
89,935547
-84,959473
120,446289
-260,59375
28,338379
7,736328
71,963379
-100,213379
168,981933
15,802734
46,905273
5,658203
33,725585
-21,347656
86,870605
172,996582
-106,641602
-256,008789
69,043457
-11,180175
13,392578
-37,505859
103,000489
51,782715
102,860839
262,737305
61,964843
-35,359863
-44,88623
83,902344
132,976075
192,212403
203,026367
825,104492
-231,135742
843,736816
186,531739
215,793457
-309,591797
-543,030273
-70,456543
929,726562
-218,614746
-14,641601
-276,225586
204,577637
105,676269
60,658691
618,009765
131,706054
-82,795899
-59,104492
-342,288086
254,21582
-9,823242
177,484375
-532,751953
-503,214356
119,888183
2,390137
217,049805
-82,646972
-261,597657
308,044922
-76,529297
220,42334
85,378418
462,93457
148,628906
153,047851
331,428711
-253,704102
194,793945
254,099609
619,482422
525,767578
158,679688
157,358398
783,714844
1237,65039
-1834,318359
1245,164062
-441,392578
-1114,835938
-213,795898
212,99414
1143,113281
-757,28125
-224,642578
226,006836
233,230469
839,361328
289,486328
-415,024414
-781,051758
461,686523
-420,748047
-1124,961914
637,250977
-1419,011718
222,588867
967,979492
-123,223633
241,320312
-178,423828
-253,841797
-445,980469
-75,804688
102,745117
-42,823242
-393,487305
61,233399
-29,033203
85,094726
481,577149
322,226562
116,131836
302,448243
148,551757
844,917968
-333,375977
465,775391
12,367188
-90,533204
-507,532227
173,838868
-145,573242
-489,222656
-837,783203
273,124023
54,918945
-126,978515
112,804688
565,770508
-153,114258
-626,522461
-11,46582
271,655274
-247,683593
-22,219727
244,520508
-187,326172
-449,003906
-246,585938
83,329101
33,125
127,37793
589,287109
277,814453
-26,6875
-12,650391
-224,895508
163,323242
-76,837891
-108,253907
-220,432617
55,336914
233,307617
-54,81543
12,645508
-8,752929
-70,428711
-40,241211
-49,547851
65,918945
-84,676757
-163,931641
46,277344
-338,638672
-1108,754883
-116,435547
-368,702149
138,744629
-5,358399
-141,851562
189,641601
43,555664
48,829101
-130,782226
-53,554688
-58,648926
-161,721191
256,502442
-18,066406
365,899414
1,19336
-263,505859
20,890625
-15,896485
53,854492
-168,088867
-157,14795
56,098633
-127,726074
14,756836
224,270996
18,605469
-165,199219
-561,556641
-16,239257
1169,99707
577,395508
310,007813
-308,953125
179,24707
-216,736328
-2,873047
67,112304
64,93457
-89,432617
177,004883
-70,477539
20,015625
-84,832032
-460,487305
4,113281
243,037109
-299,129883
55,910156
-3,770508
-103,841796
-213,71582
59,594726
28,504883
-264,694336
-98,989258
-176,345215
-380,894531
-346,991699
101,632324
-350,716797
106,156738
73,211914
310,782715
-73,714356
294,516601
-194,427246
-147,323731
-102,047852
-3,830078
-68,090332
195,065918
96,435059
8,972168
13,006348
-160,895996
-119,014648
-59,770508
26,395507
25,022461
-144,229004
28,062012
-221,182617
-290,800293
629,104492
-74,746582
10,179687
-29,435059
320,40039
-153,273926
-31,860839
-50,600097
-35,832519
51,947266
28,958984
105,005371
-127,277832
-100,839844
5,282226
-217,081055
360,455566
65,28125
0,865723
358,76709
395,010254
-82,072754
-203,224609
288,246582
-124,65332
159,232422
-45,577637
686,831543
-18,333008
-88,695312
203,828125
15,59668
-235,200196
-46,989258
86,90332
-63,334961
-274,134766
39,867187
-72,271485
232,419922
312,510742
446,06543
-40,84082
192,976562
-157,78418
46,517578
-45,455079
-51,16211
-111,878906
430,007812
111,980469
69,940429
72,048828
252,779297
-258,948242
352,344726
123,666993
-109,581055
100,56543
-424,43164
45,253906
-246,417969
450,765625
-510,412109
-20,849609
74,659179
-24,52539
261,197266
-271,408203
-309,607422
-517,767578
-40,599609
-116,273438
-71,704102
-37,304687
306,405274
-77,601562
-33,295898
318,477539
44,237304
-211,646484
-800,089844
-187,501953
-12,417481
1,340332
-2942,828125
545,875976
-372,711426
191,248046
-370,749512
223,05127
11,324707
945,776367
7,124511
-21,455078
-355,303222
584,940429
298,161133
-57,653809
41,269532
-249,59082
-225,060058
-323,581543
504,303223
8,038086
169,457031
186,848145
-64,009277
129,144531
-71,408203
483,731445
-97,229492
154,81543
-35,876954
-438,322266
-8,357422
113,023926
-120,579101
-0,854004
-203,45166
476,350097
-20,368164
165,373535
-71,497558
-304,915039
0,539062
237,76709
308,418457
116,719238
19,453125
109,728028
116,182129
10,088379
994,325684
-139,116211
191,984375
119,539063
-86,145508
16,90918
90,238282
261,320313
689,623047
-93,496093
-247,009766
-834,738281
-153,739258
194,091797
464,59961
462,392578
-406,09375
43,773438
295,80957
50,879882
1,974609
-202,347657
-440,978515
102,242187
24,224609
-421,915039
120,827148
-74,533204
343,636719
340,805664
-89,231446
261,5
-239,046875
703,663086
-633,169922
122,957031
144,782227
-134,682617
-11,224609
105,849609
11,425781
21,339843
75,975586
-548,296875
160,15332
-5,458008
-90,765625
64,666992
83,757812
-53,529297
-69,726563
-122,27539
41,380859
-27,296875
347,802734
-14,417969
-318,539062
-49,313476
-98,077148
-122,433594
95,121093
50,825195
-47,587891
82,339843
-107,729492
-37,539062
48,254883
-52,148437
302,625
-96,883789
175,3125
-150,026368
5,450195
-37,165039
35,445312
-33,59082
4,510742
-49,060547
-59,75293
19,580078
7,856445
27,811524
-22,989258
212,373047
150,283203
53,930664
-48,62207
137,627929
224,932617
1085,655274
-104,640625
187,514648
11,380859
213,255859
437,02246
-705,15039
202,580078
-40,310547
543,199219
29,902344
-177,421875
149,492187
-61,585937
215,854492
-471,12207
180,33789
195,732422
-3,788086
97,000976
26,118164
358,744141
-260,66211
-232,601563
116,87207
-285,537109
96,347656
-14,848633
110,90625
-407,454101
121,46875
-162,210937
217,204102
-34,189454
202,791992
-32,486328
291,16211
-550,789062
-1161,894531
281,448243
-342,96289
113,134766
88,56543
-237,790039
108,196289
120,808594
31,886719
32,30957
-128,643555
352,103516
119,196289
177,143554
-24,261719
-7,234375
160,59375
-157,598633
-472,666015
78,835938
-289,305665
511,280273
-68,392578
55,148438
28,376953
-66,960937
134,990234
-59,379883
-175,802735
-43,84668
-25,771484
119,142578
116,810547
-191,900391
65,613281
246,314453
136,544922
237,21875
88,09961
162,727539
-122,820313
0,458984
68,74707
-180,705078
35,978516
127,376953
246,999023
170,360352
910,612305
164,25586
-40,009765
176,488281
-76,889649
44,046875
578,976562
-382,929688
166,583985
108,648438
234,46289
-43,885742
-186,542969
399,849609
183,21875
1446,115235
-13,848633
-732,126953
645,813477
-147,280273
-41,448242
410,430664
575,044922
41,368164
-249,669922
-112,551757
760,53418
959,714844
158,814453
13,228516
804,230469
20,916016
-272,230469
-5,896484
742,449219
-372,289062
-1579,216797
-45,511719
604,480469
457,849609
1447,513672
-830,771484
399,347656
239,472657
-747,201172
455,845703
190,941406
-151,498047
-870,384766
233,03125
-288,30664
-205,025391
752,335937
335,617188
102,152343
170,15625
1891,779297
1496,810546
331,164063
736,966797
-384,470703
-671,373047
988,990234
-540,628906
495,746094
931,220703
1760,021484
-167,078125
803,986328
280,626953
1480,863281
160,146484
380,142578
2750,8125
652,615235
-839,035156
2015,388672
2810,75
2537,167969
1415,84375
-534,09375
-1897,777344
-2779,875
-1593,398437
3401,238281
1862,21875
-2331,339843
-643,507813
-372,371094
837,835938
-572,429687
-502,363281
-4723,699219
2188,136719
-918,115235
225,001953
80,59375
211,236328
-2131,482422
3025,05664
-2,285156
-26,410156
-1156,519531
422,597656
1977,089844
1961,269531
-549,039063
1212,761719
1127,625
-346,75
7309,636719
296,113281
-1551,578125
3010,621093
-372,183593
-385,6875
1602,78125
-751,476562
1255,414063
2941,730469
-461,175781
4212,152344
212,183593
1471,378907
-3325,417968
-5380,503907
870,246093
-2615,230468
-840,703125
-156,320313
-1056,246094
4471,738282
-1233,117188
2122,425782
-1961,136719
400,273438
13,152344
2288,011718
1072,40625
2551,148438
1184,539062
1841,941406
-489,128906
3899,714844
-1918,816407
-3360,230469
964,117188
2045,066406
-1034,15625
496,210938
-18,617188
-786,492188
-2988,746094
227,285157
-1936,222656
-1022,585938
3454,300781
835,945313
-24,195312
1802,300781
1167,558593
-11,445313
169,246094
285,433594
-1793,519531
1153,714844
297,003906
-979,574219
-2137,570313
2224,039062
-81,558594
1539,457031
358,734375
-282,492188
3613,4375
-414,058593
238,816406
-1685,714843
-846,101562
-4485,703125
-467,320313
791,238281
-2565,039062
-2094,832031
-646,15625
-1092,359375
-1048,578125
4943,960937
1002,8125
-211,933594
-1302,980469
4181,511718
113,386718
-1194,785156
580,019531
-3880,640625
4171,84375
-1044,792969
942,449219
1451,011719
-645,074219
-2391,074219
857,332031
-7563,996094
-19,242188
197,554687
-3095,308594
-260,578125
-2878,386719
-578,65625
-5942,535157
4029,070312
-3292,257813
165,601563
-2760,867188
4005,617188
-393,558594
901,574219
-879,921875
-2809,476562
-1068,089844
1070,722656
1674,261719
-608,867188
875,257813
1609,355469
-2348,078125
-1328,199219
323,769531
-2274,558594
-116,886718
3928,144531
-686,917969
637,367188
-1787,628906
3542,070312
1201,507813
-20,898438
-1821,628906
-287,917969
-2312,230469
-238,65625
135,15625
-3964,451172
883,283203
1207,3125
979,636719
-3021,326172
591,613281
2362,121093
-244,785156
1392,21875
-867,550781
-1463,867187
347,445312
814,125
622,214844
-1538,339844
511,6875
-370,351563
-1012,234375
936,339844
-290,722657
731,109375
-1098,167969
-423,443359
98,501953
-1047,144531
-420,011718
135,759765
262,925781
-982,179688
-1030,9375
2314,408203
174,232422
1275,591797
698,714844
1059,894531
1953,503906
2130,90625
492,71875
12,96875
2208,0625
-570,109375
-1485,949219
-705,316406
-1025,421875
1534,171875
1125,039063
1950,632812
1723,003906
-776,320312
2573,476563
-695,816406
-6,066406
-1148,589843
3353,628907
-713,742187
-49,664063
-1015,476563
-1241,097656
114,4375
1975,695312
2616,054687
-421,582031
452,546875
254,472657
-1856,230468
1233,53125
-2060,421875
2164,113281
-170,183594
-81,417969
-1779,867188
142,347656
1747,253906
519,875
737,125
-64,699219
1815,550781
864,53125
-5849,351563
-736,371094
616,679687
-1512,753907
331,617187
856,640625
-1094,140625
2132,441407
1078,347656
-375,546875
-503,484375
1004,835937
-1008,636719
-4417,605469
-2318,558594
2896,554688
1334,800781
-2054,550781
-124,296875
486,910157
-998,453125
-1166,355469
499,378906
2239,625
4300,199218
-425,980469
519,925781
903,996094
2339,851562
3874,785156
-1532,640625
165,703125
1038,441406
-181,242188
2750,664063
-1485,773437
1362,839843
-51,308593
4248,046875
-717,347656
665,964844
477,273437
2218,828125
1708,25
-3792,0625
-1545,625
698,988282
-437,507812
2145,898438
-2668,96875
-1869,613281
2151,40625
1603,09375
-350,53125
-531,53125
-316,042969
2263,148438
-284,289063
-1489,574219
-334,402344
458,605469
1772,066406
4222,761719
-577,90625
-1958,105469
-28,929687
-708,039063
311,40625
1011,46875
-1963,417969
-3559,949219
228,390625
-3418
1223,449219
1582,113282
-1000,03125
-2417,558593
1264,519531
-1285,425782
109,261719
-5390,519531
1078,648437
2435,433593
514,660156
-824,6875
321,863281
-739,554688
-2910,917969
-4527,175781
167,328125
1169,144531
118,257813
-162,851563
-2777,960937
-398,839843
2097,875
743,480469
-3377,261719
-97,191406
516,96875
-1235,039063
-1451,585938
629,523438
-146,851563
173,214844
2050,535156
-308,585937
2158,195313
16,144532
-425,058594
380,824219
-162,191406
-3091,003906
-1179,160156
687,519531
-862,925781
1375,066406
-335,707031
-885,425781
-561,277344
-2330,355469
-404,582031
-1595,667969
172,476562
176,875
-88,96875
916,347656
1206,921875
-1355,171875
500,828125
75,5
-58,160157
-867,570313
125,558594
-629,710938
-1063,609375
-4242,289063
-1441,339844
1229,445313
378,59375
299,199218
-98,394531
296,355469
-702,3125
