8,8
9,5
10,1
9,9
9,9
10,1
9,6
8,8
9,5
11
12
9,7
10,8
12,4
9,7
11,4
9,6
12,8
11,3
9,5
12,8
11
10,5
9,3
10
10,4
10
10,5
11,6
12,3
10
10,2
10,8
9
10,2
12,8
10
11,2
8,6
8,6
9,4
9,4
9,8
9,5
9,5
10
9,8
9,8
9,8
9,8
11,7
11
10,9
10,9
9,1
11
9,6
8,9
10,2
9,9
8,6
8,9
10,5
10,2
10,3
9,1
12,6
9,8
10,7
9,5
9
9,5
10
9,1
10,7
9,5
12,7
12
9,3
9
10,6
9,2
10
9,5
8,7
8,7
8,7
9,7
8,7
8,7
8,7
9
12,6
12,6
11,5
9,2
8,8
11,4
10,1
8,8
9,1
9,4
9,4
9
9,1
9,2
9,4
9,1
9,1
10,3
8,8
8,9
9,2
9,1
9,1
9,7
11,3
11,8
9,2
9,2
10,2
8,8
9,7
9,1
9,8
11
10,5
9,7
10,9
10,9
10,6
9,7
9
9,2
8,9
9,6
10,7
8,7
10,8
11,8
10,2
8,7
10,8
9,7
11,2
10,9
10,1
9
12
9,4
11,5
9,9
9,4
10,4
9,7
8,9
8,9
12,4
12,1
12,1
12,4
9,1
10,6
8,9
9,5
9,8
9,6
12,6
9,3
10
12,7
11
11,4
11,5
10,2
11,4
12,6
9,4
8,7
9,2
9,3
9,2
8,7
9,6
9,3
9,3
9,9
11
12,7
8,9
8,9
8,7
11,4
9,6
9,1
9,1
9,1
8,9
8,8
8,9
9,3
8,8
9,6
12
10,2
8,8
9,2
9,9
10,2
9,5
10,5
11,2
9,2
9,7
11,1
9,4
11
9,4
9,4
11
11
9,1
11,1
9,1
10,4
8,7
9,7
9,1
9,7
8,7
8,9
9,6
9,5
9
9
9
9
9,6
11,1
9,6
8,7
10,4
11,4
9,7
8,7
11,3
12,6
10,9
10,9
10
10
9,8
8,7
11,7
9,3
9,6
11
11
11,8
11,4
10,2
8,9
10,2
9,6
10,6
8,9
9,2
9,7
9,7
9,7
9,2
9,7
9,3
9
9,5
9,8
9,8
10,6
10,6
12,4
12,6
12,3
10,5
9,3
8,8
8,8
9,7
9
9
9
9
10,5
9,1
9,8
8,5
9,4
9,4
11,2
10
10,3
10,8
10,5
10,8
11,1
9,9
9,9
9,9
9,9
10,4
10,4
11,5
12,5
10
10
10
9,1
10,6
10,5
11,5
10,1
10,3
10,5
10,6
10,4
11,4
10,5
10
10
9,6
10,4
12,5
10,6
11,8
9,8
10,8
11,8
11,2
9,3
10,4
10,2
9
10
9,1
10
10
9,6
11,2
8,8
10
10
11,4
11,9
9,6
11,9
9,6
9
9
9,5
10,4
10,6
10,2
8,9
9,7
9
11,4
12,3
10,8
9,4
10,6
11,6
9,4
10,6
10
9,2
12,5
12,5
10,4
10
10
10,4
10
9
9,2
9,2
11,3
12,5
10,8
10,1
9,7
9,3
9,3
10,6
10,2
12,2
8,8
10
11,4
11,4
9,4
11,7
11,4
8,8
9,2
8,7
12,6
10
12,8
9,4
10,3
11,4
9
9,6
10,5
10,5
9
9,6
9,8
9
9,8
10,5
12,7
10,4
10,4
10,4
10,5
10,4
10,4
9,4
9,1
9,3
9,4
9,8
9,9
9,2
12,1
12,2
9,8
12,4
9,9
9,2
11,6
10,4
12,9
9,3
11
11,5
12,4
9,8
9,8
10,5
9,1
10,1
10,6
10,5
10,5
9,8
12,9
9,5
9,8
8,5
9,5
9,3
9,5
9,4
8,7
8,9
9,4
9,4
8,7
9,6
9,3
10
12,5
9,6
9,4
9,5
12,4
10,5
9,2
10,4
9,2
10,6
9,5
9,2
9,6
9,7
9,7
10,7
10,5
8,9
12,1
12,7
9,9
11,4
10,7
12,5
8,6
12,5
10
8,6
9,5
9,6
9,9
9,9
8,9
8,9
8,8
10
12
10
10
12,1
11
11,2
10,3
10,4
9,1
10,4
10,8
11,7
9,8
9,8
11,4
11,2
11,4
9,2
12,5
12,6
12,2
11,2
9,7
9,3
9
9
9
9,1
9,1
9
10,4
9,5
11,4
8,7
9,9
9,9
9
10
9,7
11,8
10,2
8,7
9,6
11,3
12,1
9,6
12,1
11,3
9,4
10,4
9,5
12,3
9,9
10,1
9,2
10,4
9,1
10
11,5
9,8
9,8
9,4
8,7
11,6
8,8
12,7
11,7
10,2
10,2
12,7
11,6
12,3
8,7
9,4
10,1
9,7
10,1
9,7
8,9
10,8
10,8
9,5
9,1
10,9
9,4
10,8
10,8
10,5
9,4
10,8
10,5
11,5
9,4
10,8
10,8
10,8
9,8
9,8
9,6
9,6
9,5
10,7
12,4
11,1
8,8
8,7
8,7
8,8
11,7
10,9
10,8
9,6
9
9
10,4
11,4
9,3
11
9,1
9,4
9,4
10,5
8,8
8,8
10,7
9,5
10,9
10,8
10,8
9,2
10,3
10,3
11
9
10,4
9,5
9,5
9
9,5
9
10
9,1
9,1
9,1
9,1
9,5
11,4
12,2
11,3
10,2
11,3
10
9,4
12,2
9,2
9,4
9,6
9,5
12,5
9,6
10
9,3
9,3
11,6
12,5
10,6
9,4
9,1
9
11,8
11,8
11,8
10
9,7
9,5
9,4
11,2
9
10,7
9
9,1
10,8
10,1
9,9
9,8
9,8
9,5
9,5
11,1
9,5
9,5
9,4
9,7
13,9
10,1
10,5
12,6
10,9
10
11,2
10
9,2
9,5
12,3
12,3
10
10,8
10,5
9,2
9,1
10,5
10,2
8,9
10,4
11,7
12,4
10,9
10,2
11,7
9,4
10,5
9,4
10,4
9,5
11,1
9,1
9,2
9,6
9,1
9,2
10,8
9,6
12,6
11
10,2
9,4
10
12,2
10,5
11,5
9,8
11,4
11,5
10,2
9,4
10,5
9,1
12,2
9,5
9,3
9,8
9,8
9,8
9,8
8,7
10,2
9,5
11
9,2
10,9
9,3
9,3
9,8
9,3
9,3
9,4
10,4
12,1
11
9
9,5
8,8
11,2
9,3
9,5
8,8
9
9,3
9,2
9,2
10
9,3
9,2
10,9
10
10,9
9,3
9
9,2
9,6
9,4
11,1
8,9
9,3
9,3
9,8
9,8
8,9
9,6
9,6
9
9,5
9,3
9,2
9,1
9,5
10,5
9
11,7
9,1
9
9,1
12,4
9,2
9,4
9,6
11,7
9,8
10,2
12,5
10,9
11
10,5
11,5
12,8
12,2
10,5
12,8
11,9
11,9
11,9
12
12
8,8
8,8
10,8
11
11
9,3
10,8
8,8
11,5
10,8
9,4
9,5
8,6
9,5
10,3
9,4
9,4
10
9,4
10,4
9,1
9,9
12,1
9,9
12,5
9,5
8,5
9
10,1
9,4
8,6
10,7
9,6
10,1
10
12,7
10,2
8,9
11,9
10
9,9
11,5
11,5
9,8
12,2
11,4
11
11,4
11
9,9
11
9,4
12,2
11
10,3
10,5
10,5
10,9
10,5
11
9,7
8,9
9,6
8,8
11,1
10,3
12,2
9,8
8,8
9,9
9,9
9,9
9,2
9,5
9,2
10,3
11
11,9
10,2
9,4
8,9
8,9
10
10,7
9,8
9,3
9,5
10
9
11,9
8,9
10
9,6
8,9
8,9
11,4
9
10
9,6
9,7
9,5
10
12,2
8,7
10,2
9,6
10
9,5
11,5
9,5
9,8
10,1
10
9,8
9,5
9,5
10,2
10,2
9
9
12,3
9
11,6
9,5
11,5
9,6
9
12
11,4
12,3
12,6
9
12
11,7
9,2
10,3
8,6
10,7
9,8
9,8
10,7
12,5
11,9
10,8
10,5
10,3
10,3
10,8
12
10,2
10,2
9,9
10,1
9,5
10,5
10,4
9,5
9,2
10,1
9,8
9,4
9,4
10,4
11,3
10,8
11,3
9,3
10,3
10,5
10,3
11,2
10,3
9,5
8,9
10,2
9,2
10,3
10,5
9,5
11,4
11,4
11,1
10,5
12
9,7
10,2
9,5
10,4
9,3
10,5
10
10,2
10,2
9,1
10,2
10,7
9,7
9,3
11
10,8
10,7
10,7
8,8
10,9
10,5
10
10,4
9,2
12,6
9
9,2
11,3
10,3
10,4
10
10,7
9
10,7
8,7
11,6
9,4
9,5
9,5
10,9
9,7
9,1
11,1
12,6
11
11,3
9,7
10,9
10,9
9,3
12,7
10,1
10
9,8
10,1
9
9,4
9,4
9,2
10,1
8,6
11,2
11,2
9,2
10,6
9,3
8,9
10,6
10,6
8,8
11
10,2
10,1
10,1
14
9,4
11,8
11,4
10,7
8,6
11,5
11,2
12,6
12,6
9,3
12,6
12,1
9,9
10,7
10
10,4
10,5
9,7
10,5
9
9,2
10,1
11,4
10,8
10,9
9,2
12,9
12
9,5
11,8
9,1
9,7
9,1
10
10,4
9,5
12,3
11,7
9,5
11,5
10,6
10,2
9,5
10,5
10,5
8,9
10,6
9,5
10,8
9,5
8,9
8,9
9,4
10,6
9
10,5
9
9
9,4
9
9,6
9
10,2
9,4
10,4
10,4
9,5
10,6
11
9,6
9,9
9,6
12,8
11,4
10
9,1
9,4
10,2
9,2
9,4
9,6
10,1
11,4
10,6
12,8
8,9
9,3
11,1
9,9
9,6
12,8
10,7
9,2
9,1
9,6
9,2
10,7
9,1
9,2
10,7
10,8
10,8
9
10,7
10,7
9,4
8,8
9
11,5
12,5
10,5
9,7
11,3
10,7
10,8
10,6
11,7
9,2
11,1
11,7
11
12,5
10
10,6
12,3
12,7
12,3
10,5
12,5
12,4
8,7
12,4
12,6
11
10,1
10,5
12,7
10,9
13,5
9,7
9,2
10,6
13,3
13,5
10,1
9,4
10,6
11,3
10,8
10,4
10,5
9,3
9,3
12,2
9,2
10,3
9,4
10,2
9
9,3
9,2
9,4
9,4
9,5
9,9
11,1
12,3
8,6
9,4
9,4
8,6
10,9
9,4
10,9
9,4
9,2
8,6
9,4
10,8
10,5
12,5
12,1
8,7
12,7
12,1
12,5
11,4
12,9
12,8
11,2
9,7
9,7
10,3
11,6
11,6
9,7
10,9
12,6
12,4
11,5
10,2
11,4
9,6
10,3
9,3
10,7
12,8
9,5
10,4
10,3
9,9
10,7
10,5
9,6
9,3
10
11,2
10,8
10,3
8,8
12,8
13,2
10,1
11
10,8
12,8
9,2
10,5
11,7
9,5
9,5
8,8
9,3
12,6
12,4
10,1
11,2
10
10
10,8
10
10,4
10,8
9,8
12,2
12,7
12,2
11,9
11,2
10,4
12,8
12,7
10,1
10
9
11,4
8,9
9,3
12
10,8
10,5
10,6
11,3
9,5
11,4
10,1
10,9
8,9
8,9
9,3
10,4
12
9,5
9,5
12,4
11,2
11,4
11,4
11,1
10,4
12
12,3
9,1
10,5
11,4
9,5
13,7
13,4
11,3
10
10,1
12,2
13,4
9,3
13,7
12,3
11,3
8,9
8,9
11,5
8,9
9,3
11,1
10,9
11,6
10,2
10,5
11,4
8,9
10,6
11,6
11,5
12,3
10,8
11,3
9,3
10
11
10,2
10,8
10,1
11,6
9,1
10
10,8
11,4
12,7
11,3
10,4
9,6
10,1
9,6
12,1
12,2
11,3
9,6
9,2
10,4
9,5
8,9
8,8
10,5
9,4
12,2
11,3
12,2
12,2
11,2
11,2
11,5
11,3
9,3
11,3
11,8
9,2
9,2
12,2
12,2
12,2
10,6
12,4
10,8
11,2
11
12,7
10,2
11,5
12,3
9,8
9,3
11,8
11,3
11,4
10,8
9,5
10,2
10,7
10,8
11,5
10,7
10,2
10,1
10,4
9,5
9,1
10,6
9,4
9,8
9,5
9,3
10,3
11,1
10
12,3
12,4
12,3
10,4
12,1
12,5
13
11
10,1
9,2
12,6
12,2
9,8
11
10
9,8
10,5
10
11,2
11
11,2
11
10,5
10,6
10,6
12
10,1
10,1
9,2
11
10
8,7
8,7
11,1
11
11,1
8,7
8,7
11,2
11,1
10,8
9
10,3
9,9
10
9,8
10,8
9
9,1
10,6
10,6
9,9
10,6
9,9
9,9
12,8
10,3
10,6
8,7
12,6
11
11,2
10,7
9,6
10,6
9
10,5
12,8
10,1
12,2
12,8
10,1
10,1
9,2
9,9
9,7
9,9
9,9
9,7
10,3
10,3
10,5
10,5
9,8
10,6
10,1
9
9,5
11,5
11,9
10,1
9,2
8,7
9,8
9,2
8,7
11,2
12,3
10,4
10,7
10,5
9,4
9,2
11,9
9,2
9,9
11,4
9,4
10,7
12,7
13,5
9,5
12,9
12,5
9,5
8,6
10
12,5
10,1
11,3
10,6
10,8
10,7
9
9,2
8,5
11,3
11,3
9,4
8,7
9,4
10,5
9,7
10,2
9,4
11,5
9,6
11,4
11,5
12,2
11
9,2
10,2
10
9,7
9,2
10,5
10
10,1
9,1
10,2
9,1
10,5
10,1
12,1
10,2
9,4
12,8
9
10,9
8,8
9
10,2
9,2
11,3
8,8
9,3
9,4
10,3
10,8
8,8
9
11,5
10,8
11,8
10,5
9,9
9,8
11,4
9,3
9,3
10,3
8,9
11,4
11,1
10,4
10,1
9
11,9
9
9
9,1
9
10
9,1
9,4
11,4
9,7
9
11,8
10,2
9,2
11
10
12,2
11,8
11,6
10,2
10,3
8,6
9,6
9,6
11,3
9,9
9,6
10,6
9,8
10,5
10,8
10
10,1
9,4
11,5
10,8
9,9
9
9,4
10,8
10,9
12
11,5
10,5
9,3
11,8
10
9,4
11,4
10,4
9,5
11,9
11,1
9,6
12
8,7
9,6
10
11,4
9,6
12,9
9,7
9,3
9,1
8,6
9,9
9,3
10,9
10,2
9,7
11,4
9,5
10,2
11,1
9,7
9,3
8,8
10,6
9,3
10,2
10,2
11
9,6
9,3
8,8
8,8
8,9
10
12,2
10,9
9,5
10,9
10,9
10,8
12
9,8
9,5
11
11
9,8
10,5
11,4
10,1
11,6
11,4
11,8
12,1
12
12,1
9,1
9,3
10,4
9,1
9,4
9,6
12
11,3
8,7
9,9
9,3
9,5
8,7
9,9
9,3
9,4
9,4
8,8
9,4
8,8
9,9
9,4
12,6
11,1
12,8
12
12
9,2
12,3
13
12
10,9
12,8
10
9
10,4
9
10
10
11,3
11,3
12
11,3
12
10,6
9,3
9,4
11
9,3
9,4
10,5
11
9,5
11,2
12,3
9
9
9
9
11,4
11
12,3
10,4
10,3
10,5
9,8
10
9,7
9,7
9,8
10,5
10
11,5
9,5
10,5
10,2
9,8
11,6
11,8
10,1
10,3
10,4
8,9
8,9
10,8
9,2
9,6
10,4
8,7
9,2
9,2
9,2
9,2
9,2
10,2
9,2
9
9,7
9,6
10
9,2
9,1
8,7
8,7
9,5
9,5
8,9
8,9
9,9
12,6
9,7
10,4
9,1
10,4
9,5
8,9
10,6
12
12,5
9,6
9,2
9,9
11,7
9,6
12
12,5
9,2
9,9
8,9
9
10,2
9,6
9,4
10,4
10,4
10
10
10,5
11,4
10,2
10,4
11
10,1
9,2
10,3
10,2
10,4
11,1
9,9
9
8,6
9
8,6
9,5
9
10
9
9
10,2
9,6
9,7
10,2
13
10,8
9,7
9
9,9
9,2
8,7
10,1
10,1
9,5
9,9
8,7
9
8,6
10,5
9,5
10,1
11,7
10,7
11,7
9,2
8,8
8,8
9,5
10,2
9,1
10,5
9
8,9
8,9
8,9
8,9
8,9
9,1
10,1
10
9,5
12,3
9,1
8,9
9,6
11,6
8,8
8,9
8,8
8,9
8,9
9
10
10
11,1
11,6
10,6
8,8
8,9
10,1
10
12,2
11
10
11,1
10,4
11,8
10,8
12,5
11,8
11,6
10,4
11,5
10,1
9,2
10,1
9,2
8,9
10,1
8,9
9,7
9,2
11
10,7
10,8
9,8
11
10,4
10,2
10,7
9
10,6
9,5
9
9,2
11
9,9
10,6
9,3
9,6
9,5
9,7
9,7
8,7
8,7
12,4
12,4
10,6
8,7
12
9
8,8
9,5
10,8
11,4
10,3
9,5
9,9
10,2
10,2
11
12,1
9,1
9,5
9,5
9,8
9,5
10,3
9,6
10,2
10,5
10,4
9,6
10,7
10,5
10,6
9,6
9,6
9,5
9,4
9,8
9,6
9,2
9,5
9,2
9,4
9,4
9,3
9,1
9,5
9,1
10,6
9,5
12,4
8,7
8,8
10,6
9,1
9
10,3
9,1
9,5
8,8
8,8
8,8
9,9
9,5
8,8
11,7
10,8
12
10,3
9
12,2
9,9
9
12,2
10,1
9,3
9,5
9,2
11,7
11
9,6
9,6
11,9
10,8
10,1
10,9
10,1
10,4
9,2
9,6
9,6
9
11,5
10,2
9,9
9,6
10,6
9,2
11,8
12,2
9,6
10,6
10,3
10,2
10,7
11,7
12
10,6
12,2
11
12,4
9,4
12
11,6
9,4
9,4
9,1
9,1
9,1
9,1
9,1
9,2
9,2
9,1
9,1
9,2
9
9,2
10,8
9,5
11
10
9,5
10,1
9,5
9,5
9,5
9,4
9,4
12,7
9,7
9,7
9,4
9,4
9,5
11,7
11,7
9,7
9,5
9,1
10,3
9,7
9,9
9,9
10,2
12,1
11,3
11,4
12,2
9,9
10,3
12,2
10,4
11,4
9,9
10
11,5
10,5
12,5
10,5
9,9
11,4
9,8
11,4
9,2
8,9
8,9
9,5
11,5
9,5
11,5
9,5
9,7
9,7
9,5
9,4
9
10,6
9,5
9,1
9,4
8,8
10,4
8,9
10,6
9
10,6
10,6
9
8,8
10,5
9,5
9
10,4
10
10,4
9
9,3
9
9,3
9
11,5
9
10,4
9
10,6
10,4
8,5
9,3
10,5
9,9
10,4
10,1
10,5
9,2
9,4
10,6
9,4
8,7
10,2
10,3
9,5
9,5
9,5
9,5
9,4
9,4
9,5
12,6
10,5
10,8
9,9
12,6
12,2
10
10,6
9,5
12,8
12,2
12,6
9,4
9
9,1
9,4
12,2
10
9,2
9,3
9,8
9,2
12
9,3
12,6
12,2
11
12
8,8
8,9
12,7
11,8
10,2
9,9
11,1
9,4
9,7
9,7
9,7
9,7
9,8
9,3
10,5
9,3
12,6
8,9
10,3
10,6
9
9,7
9,5
10,3
9,7
12,3
10,5
9,5
10
8,8
10,9
12,2
9,5
10
9,6
8,7
10,7
11,1
12,5
10,4
11,5
9,4
9,3
10,1
9,7
10,5
9,7
9,2
9,8
9
9,1
10,4
10,7
10,5
9,2
11,5
10,4
12
12,2
12
9,8
9,3
9,6
9,5
10,2
10,4
11
10,4
8,7
9,9
9,9
11,3
12
10,7
10,1
9,6
9,6
8,7
10,3
9,1
11,8
11,9
10,3
10
10,2
10
12,7
9,6
9,5
12,7
11
9,1
10,2
10,1
9,2
9,4
10,2
9,2
10
10,1
9
9,5
9,1
13,3
9,5
9,2
10,1
9,2
10,1
11,2
9,8
11,2
9,8
9,4
9
9,4
8,9
9,1
9,8
9,4
10
9,4
9,9
10
11,5
9,2
10
9,2
10
10
9,8
10,5
10,6
9,4
9,4
11
10,8
9
9,6
10,6
10,6
9,6
9,2
9,2
9,5
9,5
10,3
8,8
8,7
8,7
10,2
10,1
9,5
9,5
11,6
10,7
10,1
11,1
9,8
9
11,1
9,5
9,4
10,2
9,8
9,5
9,5
9
10,1
8,8
11,9
11,9
9,3
10
9,5
9,3
9,7
9,7
10,2
10,8
8,8
8,8
11,4
8,8
9,8
9,4
9,4
9,4
9,4
9,7
12,3
9,8
9
9,2
9,4
9,9
9,8
12,3
11,9
10,2
9,5
11,9
9,2
9,7
11,5
10,4
11,6
9,7
10,4
11,5
10,2
9,8
9
10,5
9,4
9,4
10,8
10,7
10,6
9,2
9,5
9,5
10
10,6
10,6
10,6
9,2
11
11,2
9,6
9,4
9,5
9,3
9,4
9,5
9,4
11,2
11,2
11,2
8,8
11,2
11,2
9,4
11,1
9,6
11,1
9,4
10,6
8,9
12,3
11,4
9,6
10,3
11,4
12,1
9,9
9,7
10,5
8,9
9,4
9,6
12,6
9,2
10,4
9
9
9
9
9
9
9,2
9
9,7
10,1
11
10,8
10,8
13,5
10,6
9,8
11,7
9,8
9
11,3
9,4
11,7
11,3
11,3
12
10,6
10,8
10,8
12
9,4
9,4
11,3
9,4
12
10,3
10,3
10,3
11,3
9,4
8,7
9,4
11,3
10,3
12
8
10,4
10,7
10,2
10,9
10,5
11,7
8,6
9
8,7
12,8
9
8,7
11,8
11,6
11,8
10,6
9,7
10,3
10,2
10,1
10,9
9,3
10,2
10,2
9,5
9,3
12,9
8,7
9,4
10,1
10
11,1
10,3
12,2
9,3
11,3
10,8
11,2
12,5
9,3
12,9
11,2
12,6
9,3
12,9
12,9
9,5
11,9
10,3
10,3
11,2
12
9,6
9,2
12,9
9,3
12,1
9,6
11,2
11,2
12,9
9,2
9,3
9,2
9,3
10,7
9,8
10,3
10,7
11,3
8,8
10,8
9,8
9,3
11,5
8,8
8,8
8,8
9,4
9,4
9,6
8,8
9,3
8,9
8,9
10
9,1
9,3
9,4
10,1
8,9
10,8
10
10,9
12
9,3
12,3
10,4
10,9
10,5
9,8
10,5
9,9
11,4
9,2
9,7
10
11,4
10,3
9,9
10,5
9,8
9,3
12,4
9,3
9,3
9,5
10,5
10,5
12,8
10,8
10
11,8
10
11,8
12
12,6
11,9
10,6
9,2
10
9,2
9,3
10,2
10,2
8,7
10,7
12,1
9,5
11,2
12
9,5
12,1
10,7
8,8
10,8
13,1
12,5
11,7
11,7
11,6
11,3
12,5
11,4
12,2
11,7
10,4
10,4
10,4
9,1
12,2
9,1
9,4
9,4
10,4
9,2
9,4
13,5
9,4
10,9
13,5
9,4
11,4
12,4
9,2
9,4
10,5
11,5
10,9
10,8
8,9
8,9
9,4
12,2
12,1
10,9
10,1
12,2
13
11
10,8
13
9,3
11,4
9,2
9,9
10,5
12,4
9,5
10,5
9,1
11,5
11,5
11,2
10,8
9,4
11
11,3
11,2
10,5
9,1
10,4
11,2
11,1
11,2
10,5
10
10
10,9
10,9
11,2
11,7
10
9,5
9
10
11,9
10,6
11
11,2
12
12,6
11,2
10,5
10,2
11
12,2
12,3
10,6
10,4
12
12,7
10,6
12,3
12,7
11,4
12
12,4
12,1
11,4
10,7
9,3
12,7
11,7
10,7
11,8
9,9
13,4
12,8
12,8
10,5
11,5
10,5
13
12,4
10,2
9
12
11,7
10
10,3
9
11,1
9
10,5
11,9
9,4
11,4
10,8
9,8
9,3
11,4
11,3
11,3
9,5
9,4
11,9
9,3
11,4
11,4
12,7
13,5
11,2
10,7
10,8
10,5
13
10,8
9,1
10,1
11,9
12
12
9,1
11,6
11,9
10,2
10,8
9,8
11,4
9,8
10,1
9,8
9,8
10,7
10,6
9,3
9,8
10,7
14
11
11
9,4
9
9
10
9
9
12,4
11,3
12
11,7
10
13,2
11
11
9,2
13
10,6
13
9
9
11,5
11
11,5
9,9
10,4
9
9,9
11
12,1
9,7
9,7
12,2
12,4
10,5
10,4
12
12,7
10,9
10,9
10,9
11,4
11
12,6
11,6
10,5
10,9
10,9
12,5
12,1
11,3
13,3
10,9
10,9
10,5
11,6
11,4
11
12,1
11
12,6
13
8,8
9,5
11,8
12,2
10,7
11
11,4
10,7
12
11,9
11,4
11,8
10,6
9,7
11
10,7
11
10,5
10,4
10,5
12
12
9,2
10,9
9,5
9,4
11,3
10,4
9,4
11,3
8,8
10,8
9,4
9,4
9,2
10,3
9,9
12,4
11,9
11,7
9,4
9,6
9,4
10,4
9,5
11,9
12,5
13,4
12,7
9,1
10,5
10,4
10,4
12,5
10,4
9
9,8
9
10,7
12,4
12,5
12,5
12,1
11,3
12
10,4
12,2
8,6
9,1
12,1
12
10,5
10,4
11,9
13,7
11,3
10,5
13,7
10,1
12,3
12
11,3
9,5
11,4
11,9
10
10
11,3
11,7
11
12,2
10,7
10,9
10,2
11,9
11,1
11,2
11,4
10,6
10,3
10,4
11,9
11,9
10,4
9,2
11,3
11,3
11
11,9
12,9
10,8
9,1
10,4
12,9
12,2
9,2
10,3
11
11
11,7
12
12,7
8,8
11,3
12,8
11,2
8,9
11,2
11,1
10,8
9,3
8,9
12,7
12
11,2
8,8
8,8
8,8
10,4
8,8
10,4
14
8,8
13,1
12,3
12,6
12
9,5
12
12,7
10,5
12,9
9,5
12
12,7
11,9
12
12,5
12,1
12,5
9,9
10,7
12
12,2
12,4
12,4
10,3
12
10,5
9,5
10,5
12,3
11,9
9,8
12,3
11,4
11
10,8
12,8
11
10,2
12,5
11,6
11,9
9,8
11
10,9
11
12,5
11
12
12,4
12,5
12,8
11
9,1
12,4
12,9
10,9
10,8
10,6
9
12
11,8
10,6
12,3
11,5
11,1
9
9,9
12,8
12,9
12,9
12
12
11,2
13,3
9,9
9,5
9,4
11
9,4
11,5
12,5
11,9
10,4
11,2
12,5
11
9,8
12,3
11
12,6
11,6
12,3
13,4
9,8
11,5
11,6
11,1
11
11,3
9,9
12,6
11,8
11,4
9,2
9,2
9,2
9,2
9,2
9,2
13
9,3
12,6
9,6
8
11,8
10,2
12,7
9,4
10,2
12
11,3
11,8
10,9
9,8
12,2
11,1
9,4
11,4
10,2
12,8
10,1
9,4
12,2
10,9
10,9
10,9
9,4
9,4
11,4
12,9
9,4
12
10,1
9,4
9,4
9,2
11,8
12,3
11,4
12,9
12,3
13,5
12,8
12,8
12,8
11
10,6
12,4
12,9
11,1
12,9
11,8
9,1
12,7
12
11,2
12,4
10,4
10,4
12,7
12,5
12
11,6
12,6
10,2
10,4
11,5
11
10,1
10,5
12,1
9,9
11,4
9,5
9,5
9,5
10,9
9,5
12,6
9,5
11,1
9,5
9,5
10,6
10,6
10,8
10,9
9,9
11,3
12,6
12,5
12,4
11,8
12,2
10,7
11,3
12,5
12,4
11,3
9,9
11,3
12,6
11,5
12,3
12,2
13,2
10,2
11,5
13,2
12,2
11
13,2
9,5
10,2
10,2
11,4
12,5
9,2
12,1
10,7
12,1
11,2
10,6
11,8
12,5
9,2
12,6
12,8
12,3
12,3
12,4
12,3
9,1
9,1
10,6
10,3
9,5
11,1
10,8
11,2
10,8
11,4
11,2
10,2
11,1
9,5
10,2
11
11,5
9,8
10,1
8,8
11,5
12,7
9,8
12,9
9,8
12,7
8,5
12,7
13,1
9,1
12,5
9,1
9,1
11,2
12,5
9,1
9,1
9,1
11,5
12,9
12,5
12,3
11,4
9,4
9,1
9,4
12
11,1
11,8
11,4
9,1
12,1
10,4
9,2
13
12,1
11,5
11,5
10
11,1
12,4
12,2
10,6
11,1
13,9
9,2
10,5
11,3
12,9
12,9
9,6
12,9
12,9
8,8
13,2
9,2
11,3
10,5
10,5
12,6
9,5
9,8
13,4
11,8
9,8
13,1
12,6
10,4
13,4
13
13,4
10,2
11,7
9,5
11,7
11,4
11,8
11,2
13
13
10,9
11,6
11,3
12
10,5
13,1
13
10,9
9,1
13,4
11,5
11,2
10,9
13,5
9,1
9,9
10,5
11,7
11
13
13,6
12,3
13,3
13,7
11,1
13,4
9,1
11,3
9,4
9,1
11,6
11,6
12,4
9,8
11,1
13,1
9,7
9,2
11,7
10,6
9,7
9,2
10,9
10,1
12,2
12,7
13
11,2
9,4
11
11
9,2
9,4
9,2
12,3
11
10
9
9
9
11,1
9,9
12,2
11,1
9
11,8
12,9
9
12,4
9
12,9
11,2
12,6
11,5
11,3
11,2
11,5
10,5
12,6
11,9
10,1
11
10,6
11,3
11,2
11,5
11,1
12,8
12,3
10,4
11,5
11,7
10,7
9,5
9,5
9,5
12
10,8
10,7
10,7
10,7
12,1
11,9
10,8
12,3
9,4
9,9
10,4
10,4
12,6
12,5
9,4
9,2
11,2
9,2
9,2
9,4
11,2
10,8
9,2
9,2
12,5
9,3
11,4
10
10,6
10,7
10
12,5
10,6
12,8
9,3
11,4
9,5
9,5
9,5
10,8
10,8
8,8
10,8
11
12,4
11,3
11,2
12,5
10
11
10,5
10,5
11
11,4
11,3
12,2
12,6
11,1
12,3
10,4
8,8
9,5
8,8
10,4
13
12,2
10,5
10,8
13,2
13
10
10,4
12,4
12,9
13,2
10,5
13
11,2
12,7
9,4
12,9
13
13,6
9,1
10,4
13,6
12,2
8,7
10,5
10,2
12,5
11,3
10,2
12,6
10,2
9,8
10,8
12,5
12,5
11,5
11,4
10,5
12,6
8,7
11
11,3
10,2
11,6
9,8
10,1
9,2
9,1
9,1
9,1
9,1
11,7
12,6
9
10,1
13,6
9,1
9,2
8,8
10
9,1
11,2
9,2
9,2
9,5
11,9
9,8
9,8
10,8
11,3
12,1
11,3
10,8
13,5
10,3
9
11,6
10,3
12,5
8,6
13,4
12,7
9,2
10,2
9
9
9
9
9
9
9
11,9
9
9
11
9
10
10,7
10,7
13,4
11
10
10,7
10,7
11
11
11,1
10,9
11,5
13,4
9,4
9,4
9,4
10,6
9,4
12
10,2
10,6
13,5
9,7
12,2
12,3
12,2
11,4
12,7
9,7
10,8
11
9,5
10,1
13,2
8,8
9,5
9,5
9,5
9,5
9,5
10,4
9,9
10
10,1
9,4
9,3
10,9
11,4
10,3
11
10,9
10,8
10,3
11
9,3
10,2
10,2
10,8
10,5
11,1
10,9
11,4
10,3
12,9
9,9
11,3
11,5
11,5
10,7
10,4
12,5
9,5
11,3
13
11,5
11,5
11,3
13,2
11,5
9,6
9,6
9,7
9,2
8,4
12,4
12,4
9,2
8,4
11,7
11
11,9
13,2
11,7
9,1
12,6
9,1
10,5
10,6
12,6
13,7
12
12,5
12,1
11,3
12
10,3
12,7
9,2
9,2
9,5
10,1
10,1
13
13,1
11
9,2
9,4
9,5
10,2
10,1
8,6
9
9,6
9,9
10,5
11,4
9,4
11,1
8,9
8,9
10,8
12,2
8,9
12,5
12,2
12,5
8,9
10,8
11,4
10,8
10,6
9,2
12,2
12,3
10,4
10,4
11
10,6
9,2
13,5
11,4
11,5
14
12,5
12,5
12,8
11,2
11,2
13,6
9,2
12,5
11,1
11,2
14
13,6
9,4
14,2
13,2
11,2
10,2
12,8
10,1
10,1
10,3
9,9
11,5
9
9
12,1
13,3
11,5
11
10,7
9,4
10,3
9,3
12
11
9,3
10,1
11,1
9,9
11
11
12,5
12,7
9,3
9,3
10,1
8,8
11,2
10,8
8,8
11,2
10,3
12
9,5
9,5
9,8
9
13
11,8
8,8
11,2
9,5
9,4
9,5
10,4
9,8
10,4
10,3
9,4
9,5
11,9
12,8
13
10,4
10,4
10,7
10,7
11,9
10,4
12,8
9,9
9,9
9,4
11,4
9,9
9,4
9,2
10,5
11
11
12,1
11
12,8
10,5
10,5
10,5
9,5
9,2
11,1
12,3
11,1
12,6
9,5
9,2
10,8
11,3
12,8
10,5
9,8
8,5
9,3
9,2
11,4
8,5
9,3
8,4
9,2
9,2
10,4
11,6
12,4
10,4
9,3
12,2
11
11,4
9,5
9,2
11,1
9,2
11
9,9
9,9
9,5
12,4
9,4
9,3
8,7
8,7
8,7
8,7
9
10,7
10,7
11,3
8,7
11,7
9,3
8,7
9
11,7
10,7
11,4
10,7
11,3
10
10
11,2
9,7
12,5
12,9
11,8
10,6
11,8
10,7
9,9
12
10,4
8,5
9,9
9,4
10,4
11
11
10,4
9,8
9,4
10,6
10,1
11,5
11,4
9,2
9,7
11,3
9,6
8,9
10
9,2
9
12,8
9
9,5
10
11
9,2
10,6
10
10
11,7
12,5
11,1
9,7
12,3
12,2
11,3
11,6
11,3
11,1
11,2
11,3
12
8,8
8,8
12
12
9
9,3
8,7
12,8
11,5
10
10
10,3
10,4
13,4
11,2
9,1
9,1
10,8
12,5
11,3
12,8
9,1
12,7
11
10,4
10,4
10,7
10,9
10,4
10,4
9,7
11
9,6
13,9
9,4
12,5
9,6
9,5
9,6
9,5
9,6
8,7
8,7
8,7
8,7
8,7
8,7
10,4
10,7
12
12,1
13,1
12,4
12,6
8,7
12
11,6
9,3
9,3
11,1
10,2
10,6
11,3
9,4
9,3
11,1
9,9
11,8
12,6
9,4
10,5
12,3
11,3
9,6
12
11,2
10,2
12,4
10,2
13,4
12,6
9,8
9,1
12,4
12,5
11,7
12,9
10,1
10,3
11,7
10,3
10,8
11,2
11,8
9,8
10
8,8
10,1
9,5
9,5
9,5
9,2
12,2
9,5
11,3
12,1
9,2
11,2
12,5
10,6
10,4
10,1
9,9
11
10
12,7
12,1
10,4
10,4
9,2
9,2
10,5
9,2
11,9
10,1
11,1
10,8
11,8
9,2
9,2
12,3
10,1
11,4
10,4
9,8
9,9
9,8
11,2
10,9
9,2
9,2
12
12,1
12,4
11,2
12,7
12,2
12,2
12,2
11,2
12,7
12,7
12,1
9,4
10,1
9,4
8,9
8,9
8,9
8,9
13
10,3
10,1
10,5
8,9
10,1
10,1
11
11
11
11
10
10,5
9,7
10,1
9,4
11,2
9,4
10,8
9,4
11,2
11
12,4
9,4
9,4
9,5
10
12,5
10,9
10,5
10,8
11
11,8
12,6
10,2
12
12,5
11,5
11,94
12,89333333
9,4
12,2
11,94
12,89333333
9,5
10,6
10,5
11,46666667
11,4
9,5
9,2
9,5
10,98
9,4
9,5
9,2
8,8
8,8
8,8
8,8
8,8
8,8
8,8
10,4
8,8
10,03333333
11,3
10,4
9,2
11,1
9,2
11,3
9,1
9,4
13,2
12,7
10,7
11,43333333
11,1
12,7
10,53333333
11,6
9,533333333
9,8
10,7
12
12,8
9,5
10,93333333
9,1
12,6
9,5
10,9
10,93333333
9,6
9,3
11,36666667
12,5
9,5
11
9,4
11,33333333
8,8
9,4
11,06666667
12,2
11
11,33333333
9,5
9,5
11
11,2
9,3
10,8
9,2
9,4
9,2
10,5
10,8
9,4
9,8
9,8
9,8
9,4
9,8
12,1
12,3
9,733333333
9,4
9,4
12,8
11,05
9,4
12,8
9,733333333
13,1
11,5
13,1
11,5
9,1
9,75
10,5
8,8
8,8
8,8
8,8
10,5
10,5
8,8
9,9
9,9
9,9
12,2
10,8
8,7
13,2
12,7
9,4
11,2
11,33333333
11,9
11,35
10,5
9,8
9,1
12,4
9,1
9,8
11,3
11,3
13,1
12,5
10,3
10,7
10,4
9,5
9,8
12,5
9,4
9
9
9
13
9,9
9,4
10,6
13,4
12,5
9,3
9,3
11
10,3
11,3
10,9
11,3
12,1
11,1
9,8
10,1
12,4
12,7
9,6
9,6
9,1
12,8
9,6
12,4
9,55
9,1
12,5
9,9
11,2
13
13
11,7
13,1
12
10,55
11,45
10,2
11,45
9,3
10,8
12,2
11
10,4
11,4
14,05
10,7
10,2
11,2
12,33333333
11,5
9,5
13,4
12,5
12,5
11,2
8,8
11,2
12,7
9,8
9,8
11,7
9,8
9,6
9,8
9,7
10
11,7
12,3
9,8
9
9,1
9,1
9,1
11,4
10,5
12,4
9,1
9,1
10,1
10,9
11,05
12,75
12,7
11,1
11,1
12,75
13
12
11,5
10,5
11,1
11,1
11,1
13,1
12,75
12,7
9,6
11,7
9,7
10,9
10,7
13,8
12,15
10,8
10,7
10,8
10,8
12
10,8
12,2
9,4
11,4
12,5
13,05
12,4
12,9
12
11,3
10
11,8
9,4
8,8
11,1
10,5
9,3
11,4
11,8
12,4
11,6
11,1
12,4
11,1
11
12,2
11
12,9
10,9
13,4
10,7
11
11,4
10,2
11
9,1
11
11,5
12
11,2
11,2
12,6
11
10,8
10,9
9,8
9,8
9,5
11,26666667
10,8
13,4
11,3
8,9
11,2
11,5
13
12,6
13,1
11,2
11,7
10,9
10,9
11,6
10,4
10,9
11,7
10,8
11,2
10
10,56666667
11,73333333
10,6
10,5
11,75
11,4
12,4
10,1
12,3
13,1
10,65
11,4
9,3
10,2
10,2
13,1
9,6
12,8
10,96666667
10,96666667
10,96666667
11
13,4
11,2
12,4
11,2
12,4
10,13333333
10,13333333
12,4
9,1
10,15
10,15
11,5
8,9
10,46666667
10,46666667
11,8
11,63333333
10,6
9,6
11,8
8,9
10,5
10,2
13,1
11,8
12,2
11,45
10,5
10,2
9
9
9
9
9,1
8,8
9
9,1
12,9
13
12,9
9,2
9,8
9,8
10,1
10,1
10,9
9,6
10,4
11,8
10,8
10,6
12,7
12,2
10,8
10,4
11,1
11,8
10
10,8
10,3
9,9
10
12,25
10,2
9,4
9,7
10,2
10,4
12,2
9,4
10,6
10,7
11,85
11,7
11,7
10,15
11,63333333
10,8
10,8
12,3
12,5
11,65
9,6
10,9
10,8
11,2
10
10,5
9,1
10,5
9,3
9,3
11,2
10,6
12,1
12
9,7
12,4
13,6
13,6
11,8
10
10
9,1
11,9
11,75
11,4
13
12,4
9,4
9,6
9,6
9,6
9,6
9,1
12
11,2
10,1
10,3
12,3
10,55
10,9
9,7
9,8
8,9
8,9
10,2
11,7
12,8
12,8
10,2
13,55
11,6
8,9
13,8
9,4
9,4
10,7
10,7
12,3
10,3
10,4
11,6
10,7
12,8
11,9
12,1
9,2
9,5
11
10,9
10,4
9,1
11,4
11,4
9,7
12,4
13,7
10,6
11,2
13,13333333
12,4
9,7
11
11,3
12
9,2
10,7
10,7
11,4
9,2
12,1
11,1
9,7
10,7
10,9
12
10,6
9,6
13,1
11
11,6
11,95
11,1
11,5
11,3
11,9
9,5
12,2
12,2
11,1
9,6
11,1
9,6
11,4
11,4
12,06666667
9
9
11,4
9,6
11
11
11,2
11,55
13,3
9,633333333
13,6
11,2
13
10,8
9,8
11,45
12,05
9,7
11,9
10
9,7
11,6
8,8
9,5
9,533333333
9,533333333
9,4
10,7
11,5
9,6
9,55
12,15
13
9,2
9,4
11,8
10,6
9,7
11,2
9,6
9,4
12,8
11,8
9,4
9,8
9,8
9,8
9,4
9,4
9,4
10
9,5
10,5
9,2
10,5
9,9
9,1
9,2
9,2
10,5
9,3
9
9,2
9,4
9,7
9,5
9,4
9,7
9,3
9,5
9,5
9,4
9,8
10,1
10,6
9,8
9,4
9,2
9,6
10,8
9,7
9,8
10,5
10,5
9,3
10,5
10,3
9,5
13,1
9,2
9,5
9,2
9,2
9,2
9,4
9,4
9,4
10,2
9,5
9,6
9,4
10
9,4
9,2
9,3
9,5
9,8
10,9
10,9
9,6
10,7
10,7
10,5
9,5
9,5
9,5
9,2
9,6
10,5
10,5
10,7
10,1
9,1
9,2
9,4
9,1
9,4
10,3
10,1
9,9
9,6
9,5
9
9,5
9,9
9,8
9,6
10,5
12,9
10,7
9,2
9,8
9
10,2
10,4
9
9,2
9,4
9,2
9,3
9,3
9,6
9,3
9,5
9,8
9,8
9,7
9,5
10,5
10
9,4
10,9
9,2
9
10,9
9,2
9,5
9,5
9,4
10,9
10,9
10,5
9,4
9,4
13
13
9,8
9,9
9,6
9,5
9,2
9,5
9,5
9,6
9,5
14
9,4
14
9,4
10
9,3
10,2
10,5
10,3
9,4
10,1
10,1
10,5
10,5
10,5
10,5
9,3
9,3
9,6
9,2
10
9,4
9,4
9,5
10,2
9
10,4
9,5
9,1
9,2
9,2
11,5
9,5
9,5
9,5
10,5
9,6
9,5
9,5
9,3
9,3
9,3
9,3
9,7
9,2
9,7
9,5
9,5
9,4
9,8
9,5
9,7
9,7
9,4
10,2
10,1
13
11,4
10,3
9,3
9,5
9,2
9,2
10,8
10,8
9,3
9,4
10,5
12,4
10
10,2
10,1
9,8
10,5
11
9,1
9,7
9,5
9,4
9,4
9,5
10
10,4
10,5
9,5
9,8
10,5
11
12,2
9,9
9,6
11
9
9
9
9,2
9
9
9,3
10,9
9,8
9,2
9,2
9,9
9,5
9,3
9,8
9,9
10
9,9
10,5
9,5
9,9
9,3
9,2
9,2
9,4
10,5
9,3
9,4
10
9,3
10,9
10,2
9,8
12,8
9,4
10,1
10,7
10,1
10,1
9,4
9,4
10,7
9,4
10,1
12,6
10,5
9,3
9,9
9,1
10,5
9,8
9,8
10,3
10,3
10,6
9,2
10,6
10,5
10,3
10,1
9,5
9,5
9,9
9,6
9,7
9,6
10,7
10,1
10
9,5
9,2
9,3
9,4
9,5
9,5
9,5
9,3
9,4
9,5
9,4
11
11
10,1
10,4
11,5
10,4
11,5
9,7
9,3
9,5
9,2
9,2
11,5
11,5
9,7
9,5
12,5
12,5
9,4
11
11,7
12,2
12,5
10,3
11,5
9,8
9,2
11,3
9,8
9,8
10,7
9,9
12,3
12
10
9,4
9,9
9,4
9,3
13
11,9
12,8
11
11,7
10,4
9,8
9,4
9,9
10
10,2
10
11,8
10
9
9,4
12
9,9
8,7
10,6
9,2
10,8
11,8
11
12
13,3
10,8
9,4
10
9,4
9,4
9,2
9,7
9,2
9,6
9,2
10
12,9
10
9,5
9,1
9,9
13
9,9
11
11
9,4
9,9
10,8
10,5
10,5
9,1
10,1
10,8
10,8
11,3
9,6
9,5
9,5
9,3
11,7
9,5
9,3
11,7
10,5
10,4
9,9
11,8
12,3
10,9
11
10,9
12,3
11,4
10,6
9,3
10,4
11
9,2
12,8
9,5
9,9
9,5
10,2
11,2
9,9
9,3
9,8
11,3
11,2
11,6
12,5
10,1
10,5
11,2
10,2
10,8
10,8
9,1
10
11,2
11,1
13,4
10,3
9,6
11,2
9
11,3
9,3
11,8
9
9,2
9,7
11,5
14
9,2
9,8
10,6
11,4
10,4
10,6
9,4
10,2
9,7
11
10,2
10,1
9,2
11,7
9,4
9,4
13,4
10
10
10
10,8
10,2
10,6
13,3
13,4
11,6
12,1
11
9
11,1
11
11,6
9
12
12
10,9
10,8
12,5
10,8
9,5
10,2
11,4
9,5
10,2
9,7
11,8
11,8
9,3
11,9
8,4
11,7
11
10
9,1
9,8
9,4
9,5
9,9
11
11,4
8,7
9,4
10,3
10,3
10,3
12,8
10
10,3
9,4
10,7
12
11,2
9,6
11
9,9
11
8,4
9,1
9,5
10,7
10,4
9,4
9,5
10
10
11,5
11,1
11,1
11,7
11,1
11,7
12,7
11,4
9,2
9,2
10,1
12,7
11,4
9
9
10,7
11,7
11
11,7
10,4
9,6
10
10,2
10
9,5
9,8
9,8
9,6
9,6
9,2
9,9
10,7
9,6
10,6
9,3
14
10,5
9,7
11,5
9,7
9
9,5
9,3
9,3
10
9,8
9,3
10
9
